"SiteURL","Allocated (GB)","Used (MB)","Warning Level (GB)","Used (%)"
"https://m365x535786.sharepoint.com/sites/ContosoWeb2","25","7","22,5","0,02734375"
"https://m365x535786.sharepoint.com/portals/Community","25","1","22,5","0,00390625"
"https://m365x535786.sharepoint.com/sites/ProjectDocs","25","4","22,5","0,015625"
"https://m365x535786.sharepoint.com/sites/ContosoLandings","25","146","22,5","0,5703125"
"https://m365x535786.sharepoint.com/sites/News","25","18","22,5","0,0703125"
"https://m365x535786.sharepoint.com/sites/DigitalInitiativePublicRelations","25","230","22,5","0,8984375"
"https://m365x535786.sharepoint.com/","25","20","22,5","0,078125"
"https://m365x535786.sharepoint.com/sites/Mark8ProjectTeam","25","277","22,5","1,08203125"
"https://m365x535786.sharepoint.com/sites/Projects2","25","1","22,5","0,00390625"
"https://m365x535786.sharepoint.com/sites/Contoso","25","1","22,5","0,00390625"
"https://m365x535786.sharepoint.com/sites/HR","25","144","22,5","0,5625"
"https://m365x535786-my.sharepoint.com/","25600","4","24975","1,52587890625E-05"
"https://m365x535786.sharepoint.com/sites/leadership","25","47","22,5","0,18359375"
"https://m365x535786.sharepoint.com/sites/ContosoWeb1","25","342","22,5","1,3359375"
"https://m365x535786.sharepoint.com/sites/allcompany","25","1","22,5","0,00390625"
"https://m365x535786.sharepoint.com/sites/SalesAndMarketing","25","547","22,5","2,13671875"
"https://m365x535786.sharepoint.com/sites/Retail","25","41","22,5","0,16015625"
"https://m365x535786.sharepoint.com/sites/Work","25","67","22,5","0,26171875"
"https://m365x535786.sharepoint.com/sites/ContosoWeb3","25","146","22,5","0,5703125"
"https://m365x535786.sharepoint.com/search","25","1","22,5","0,00390625"
"https://m365x535786.sharepoint.com/sites/testcompanygroup","25","1","22,5","0,00390625"
"https://m365x535786.sharepoint.com/sites/SalesAndMarketing-Test1","25","1","22,5","0,00390625"
"https://m365x535786.sharepoint.com/sites/ReviewCenterForRetention","25","1","22,5","0,00390625"
"https://m365x535786.sharepoint.com/sites/leadership-connection","25","95","22,5","0,37109375"
"https://m365x535786.sharepoint.com/sites/TestPublic","25","1","22,5","0,00390625"
"https://m365x535786.sharepoint.com/sites/Brand","25","59","22,5","0,23046875"
"https://m365x535786.sharepoint.com/sites/operations","25","28","22,5","0,109375"
"https://m365x535786.sharepoint.com/sites/Exec","25","24","22,5","0,09375"
"https://m365x535786.sharepoint.com/sites/TestTeam","25","1","22,5","0,00390625"
"https://m365x535786.sharepoint.com/sites/appscatalog","25","1","22,5","0,00390625"
"https://m365x535786.sharepoint.com/portals/hub","25","1","22,5","0,00390625"
"https://m365x535786.sharepoint.com/sites/USSales","25","13","22,5","0,05078125"
