"SiteURL","Allocated (GB)","Used (MB)","Warning Level (GB)","Used (%)","NewQuota"
"https://m365x535786.sharepoint.com/sites/ContosoWeb2","25600","7","24975","2,6702880859375E-05","25"
"https://m365x535786.sharepoint.com/portals/Community","25600","1","24975","3,814697265625E-06","25"
"https://m365x535786.sharepoint.com/sites/ProjectDocs","25600","4","24975","1,52587890625E-05","25"
"https://m365x535786.sharepoint.com/sites/ContosoLandings","25600","146","24975","0,00055694580078125","25"
"https://m365x535786.sharepoint.com/sites/News","25600","18","24975","6,866455078125E-05","25"
"https://m365x535786.sharepoint.com/sites/DigitalInitiativePublicRelations","25600","230","24975","0,00087738037109375","25"
"https://m365x535786.sharepoint.com/","25600","20","24975","7,62939453125E-05","25"
"https://m365x535786.sharepoint.com/sites/Mark8ProjectTeam","25600","277","24975","0,00105667114257813","25"
"https://m365x535786.sharepoint.com/sites/Projects2","25600","1","24975","3,814697265625E-06","25"
"https://m365x535786.sharepoint.com/sites/Contoso","25600","1","24975","3,814697265625E-06","25"
"https://m365x535786.sharepoint.com/sites/HR","25600","144","24975","0,00054931640625","25"
"https://m365x535786-my.sharepoint.com/","25600","4","24975","1,52587890625E-05","25"
"https://m365x535786.sharepoint.com/sites/leadership","25600","47","24975","0,000179290771484375","25"
"https://m365x535786.sharepoint.com/sites/ContosoWeb1","25600","342","24975","0,00130462646484375","25"
"https://m365x535786.sharepoint.com/sites/allcompany","25600","1","24975","3,814697265625E-06","25"
"https://m365x535786.sharepoint.com/sites/SalesAndMarketing","25600","547","24975","0,00208663940429688","25"
"https://m365x535786.sharepoint.com/sites/Retail","25600","41","24975","0,000156402587890625","25"
"https://m365x535786.sharepoint.com/sites/Work","25600","67","24975","0,000255584716796875","25"
"https://m365x535786.sharepoint.com/sites/ContosoWeb3","25600","146","24975","0,00055694580078125","25"
"https://m365x535786.sharepoint.com/search","25600","1","24975","3,814697265625E-06","25"
"https://m365x535786.sharepoint.com/sites/testcompanygroup","25600","1","24975","3,814697265625E-06","25"
"https://m365x535786.sharepoint.com/sites/SalesAndMarketing-Test1","25600","1","24975","3,814697265625E-06","25"
"https://m365x535786.sharepoint.com/sites/ReviewCenterForRetention","25600","1","24975","3,814697265625E-06","25"
"https://m365x535786.sharepoint.com/sites/leadership-connection","25600","95","24975","0,000362396240234375","25"
"https://m365x535786.sharepoint.com/sites/TestPublic","25600","1","24975","3,814697265625E-06","25"
"https://m365x535786.sharepoint.com/sites/Brand","25600","59","24975","0,000225067138671875","25"
"https://m365x535786.sharepoint.com/sites/operations","25600","28","24975","0,0001068115234375","25"
"https://m365x535786.sharepoint.com/sites/Exec","25600","24","24975","9,1552734375E-05","25"
"https://m365x535786.sharepoint.com/sites/TestTeam","25600","1","24975","3,814697265625E-06","25"
"https://m365x535786.sharepoint.com/sites/appscatalog","25600","1","24975","3,814697265625E-06","25"
"https://m365x535786.sharepoint.com/portals/hub","25600","1","24975","3,814697265625E-06","25"
"https://m365x535786.sharepoint.com/sites/USSales","25600","13","24975","4,9591064453125E-05","25"
