﻿"SiteUrl","Size Preservation Hold Library"
"https://smartholdingcom.sharepoint.com/sites/pwa","0,01"
"https://smartholdingcom.sharepoint.com/sites/sh-invest-pwa","List Does Not Exist! "
"https://smartholdingcom.sharepoint.com/sites/sh-pwa","List Does Not Exist! "
"https://smartholdingcom.sharepoint.com/sites/smg-pwa","1,31"
"https://smartholdingcom.sharepoint.com/sites/testCreatePWA","List Does Not Exist! "
"https://smartholdingcom.sharepoint.com/sites/ceo-events","List Does Not Exist! "
"https://smartholdingcom.sharepoint.com/sites/CorporateSecurity","List Does Not Exist! "
"https://smartholdingcom.sharepoint.com/sites/cs","List Does Not Exist! "
"https://smartholdingcom.sharepoint.com/sites/demo","40,31"
"https://smartholdingcom.sharepoint.com/sites/fo-contacts-events","List Does Not Exist! "
"https://smartholdingcom.sharepoint.com/sites/fo-contEvents-test","0,05"
"https://smartholdingcom.sharepoint.com/sites/hub_it","List Does Not Exist! "
"https://smartholdingcom.sharepoint.com/sites/hub_sbs","List Does Not Exist! "
"https://smartholdingcom.sharepoint.com/sites/hub_smg","List Does Not Exist! "
"https://smartholdingcom.sharepoint.com/sites/hub_veres","List Does Not Exist! "
"https://smartholdingcom.sharepoint.com/sites/hub-sbs","List Does Not Exist! "
"https://smartholdingcom.sharepoint.com/sites/infrastructureDep","615,42"
"https://smartholdingcom.sharepoint.com/sites/it_brand-central","List Does Not Exist! "
"https://smartholdingcom.sharepoint.com/sites/it_cabMAN","List Does Not Exist! "
"https://smartholdingcom.sharepoint.com/sites/it_crisis-management","List Does Not Exist! "
"https://smartholdingcom.sharepoint.com/sites/it_demo_template","List Does Not Exist! "
"https://smartholdingcom.sharepoint.com/sites/it_department","List Does Not Exist! "
"https://smartholdingcom.sharepoint.com/sites/it_dev","List Does Not Exist! "
"https://smartholdingcom.sharepoint.com/sites/it_event","List Does Not Exist! "
"https://smartholdingcom.sharepoint.com/sites/it_hub","List Does Not Exist! "
"https://smartholdingcom.sharepoint.com/sites/it_human-resources","List Does Not Exist! "
"https://smartholdingcom.sharepoint.com/sites/it_inf","List Does Not Exist! "
"https://smartholdingcom.sharepoint.com/sites/it_inst","List Does Not Exist! "
"https://smartholdingcom.sharepoint.com/sites/it_leadership-connection","List Does Not Exist! "
"https://smartholdingcom.sharepoint.com/sites/it_learning-central","List Does Not Exist! "
"https://smartholdingcom.sharepoint.com/sites/it_new-employee-onboarding","List Does Not Exist! "
"https://smartholdingcom.sharepoint.com/sites/it_organization-home","List Does Not Exist! "
"https://smartholdingcom.sharepoint.com/sites/it_showcase","List Does Not Exist! "
"https://smartholdingcom.sharepoint.com/sites/it_standard-communication","List Does Not Exist! "
"https://smartholdingcom.sharepoint.com/sites/it_testCreateTempustomer","List Does Not Exist! "
"https://smartholdingcom.sharepoint.com/sites/it_testTemp1","List Does Not Exist! "
"https://smartholdingcom.sharepoint.com/sites/it_volunteer-center","List Does Not Exist! "
"https://smartholdingcom.sharepoint.com/sites/kb","List Does Not Exist! "
"https://smartholdingcom.sharepoint.com/sites/naval_corporateSecurity","919,66"
"https://smartholdingcom.sharepoint.com/sites/place_sharepoint","0,04"
"https://smartholdingcom.sharepoint.com/sites/portal","List Does Not Exist! "
"https://smartholdingcom.sharepoint.com/sites/RequestsLSDocs","73,56"
"https://smartholdingcom.sharepoint.com/sites/sbs_fs","List Does Not Exist! "
"https://smartholdingcom.sharepoint.com/sites/sbs_hr","List Does Not Exist! "
"https://smartholdingcom.sharepoint.com/sites/sbs_recr","189,39"
"https://smartholdingcom.sharepoint.com/sites/se_compl_demo","List Does Not Exist! "
"https://smartholdingcom.sharepoint.com/sites/se_corporateSecurity","List Does Not Exist! "
"https://smartholdingcom.sharepoint.com/sites/se_study","List Does Not Exist! "
"https://smartholdingcom.sharepoint.com/sites/sh_cabGIA","List Does Not Exist! "
"https://smartholdingcom.sharepoint.com/sites/sh_compl_demo","List Does Not Exist! "
"https://smartholdingcom.sharepoint.com/sites/sh_compl_main_demo","List Does Not Exist! "
"https://smartholdingcom.sharepoint.com/sites/sh_corp-law","List Does Not Exist! "
"https://smartholdingcom.sharepoint.com/sites/sh_corp-law_comp","List Does Not Exist! "
"https://smartholdingcom.sharepoint.com/sites/sh_corp-law_gov","List Does Not Exist! "
"https://smartholdingcom.sharepoint.com/sites/sh_cy_ds","List Does Not Exist! "
"https://smartholdingcom.sharepoint.com/sites/sh_photoshoot","List Does Not Exist! "
"https://smartholdingcom.sharepoint.com/sites/sh_portal","List Does Not Exist! "
"https://smartholdingcom.sharepoint.com/sites/sh_portal_test","List Does Not Exist! "
"https://smartholdingcom.sharepoint.com/sites/sh_ua_hr","List Does Not Exist! "
"https://smartholdingcom.sharepoint.com/sites/sh-cs-verifications","2594,32"
"https://smartholdingcom.sharepoint.com/sites/SH-Discovery","52383,13"
"https://smartholdingcom.sharepoint.com/sites/sh-events","List Does Not Exist! "
"https://smartholdingcom.sharepoint.com/sites/smg_compl_demo","List Does Not Exist! "
"https://smartholdingcom.sharepoint.com/sites/smg_corporateSecurity","List Does Not Exist! "
"https://smartholdingcom.sharepoint.com/sites/ss_compl_demo","List Does Not Exist! "
"https://smartholdingcom.sharepoint.com/sites/ss_portal","List Does Not Exist! "
"https://smartholdingcom.sharepoint.com/sites/su_study","List Does Not Exist! "
"https://smartholdingcom.sharepoint.com/sites/sus_corporateSecurity","List Does Not Exist! "
"https://smartholdingcom.sharepoint.com/sites/sus_finContr","List Does Not Exist! "
"https://smartholdingcom.sharepoint.com/sites/tacticalIF_corporateSecurity","List Does Not Exist! "
"https://smartholdingcom.sharepoint.com/sites/test_site01","0,02"
"https://smartholdingcom.sharepoint.com/sites/test2025","List Does Not Exist! "
"https://smartholdingcom.sharepoint.com/sites/testEmptySite","2382,47"
"https://smartholdingcom.sharepoint.com/sites/testKb","0,04"
"https://smartholdingcom.sharepoint.com/sites/veres_corporateSecurity","List Does Not Exist! "
"https://smartholdingcom.sharepoint.com/sites/veres_hr_study","List Does Not Exist! "
